Id	First Name	Last Name	Email	Gender	IP Address
1	Jard	Jackman	jjackman0@ovh.net	Male	137.32.232.2
2	Kelby	Cleveley	kcleveley1@theglobeandmail.com	Male	103.48.190.5
3	Mead	Winsiowiecki	mwinsiowiecki2@mtv.com	Male	48.113.7.43
4	Tine	Igo	tigo3@xing.com	Female	81.106.206.206
5	Melodie	Belhome	mbelhome4@meetup.com	Female	41.17.17.106
6	Ollie	Grisard	ogrisard5@indiegogo.com	Female	190.46.134.251
7	Bebe	Cowp	bcowp6@i2i.jp	Female	116.61.228.192
8	Branden	Ellick	bellick7@ft.com	Male	154.57.243.252
9	Elihu	Toping	etoping8@oracle.com	Male	19.57.66.142
10	Aileen	Maudsley	amaudsley9@answers.com	Female	237.75.127.17
11	Esta	MacRedmond	emacredmonda@fc2.com	Female	202.154.144.75
12	Sumner	Canaan	scanaanb@bloglovin.com	Male	19.143.77.146
13	Freemon	Braybrookes	fbraybrookesc@drupal.org	Male	21.139.10.92
14	Frazer	Loncaster	floncasterd@msu.edu	Male	171.59.125.119
15	Adan	Duprey	adupreye@networkadvertising.org	Female	12.122.198.76
16	Dorothy	Oen	doenf@narod.ru	Female	198.251.13.196
17	Raul	Jacomb	rjacombg@time.com	Male	18.151.232.236
18	Trace	Buscombe	tbuscombeh@sun.com	Male	32.136.93.127
19	Reggie	Sanches	rsanchesi@bigcartel.com	Female	98.122.133.21
20	Renate	Chartre	rchartrej@mapy.cz	Female	111.84.114.193
21	Fabian	Dillingston	fdillingstonk@gizmodo.com	Male	41.53.33.139
22	Bessy	Kermott	bkermottl@squarespace.com	Female	70.253.124.201
23	Mitzi	Dawdry	mdawdrym@usgs.gov	Female	135.16.17.129
24	Milo	Pigden	mpigdenn@flickr.com	Male	239.227.32.39
25	Galina	Roxbee	groxbeeo@multiply.com	Female	84.78.168.148
26	Jessie	Murt	jmurtp@mysql.com	Male	235.31.45.64
27	Thom	Wheatcroft	twheatcroftq@parallels.com	Male	191.244.234.248
28	Vita	Gait	vgaitr@addthis.com	Female	164.30.193.89
29	Ursuline	Ambrosoli	uambrosolis@360.cn	Female	4.107.174.75
30	Sayre	Benedito	sbeneditot@altervista.org	Male	173.127.152.100
31	Ronda	Bowerbank	rbowerbanku@google.it	Female	64.196.50.78
32	Datha	Maidment	dmaidmentv@dell.com	Female	233.20.9.2
33	Delmor	Fullom	dfullomw@jiathis.com	Male	147.33.178.48
34	Carl	Fardo	cfardox@last.fm	Male	215.7.136.149
35	Shay	Dowsey	sdowseyy@alibaba.com	Female	46.71.216.200
36	Inna	Pratty	iprattyz@vkontakte.ru	Female	160.194.252.57
37	Agathe	McAdam	amcadam10@unblog.fr	Female	28.160.240.152
38	Sonny	Korneluk	skorneluk11@ameblo.jp	Female	148.189.115.50
39	Louie	Gerard	lgerard12@privacy.gov.au	Male	58.247.221.70
40	Sapphire	Longhorne	slonghorne13@harvard.edu	Female	224.232.179.206
41	Worden	Medler	wmedler14@theglobeandmail.com	Male	159.252.219.231
42	Pattin	Paulazzi	ppaulazzi15@addthis.com	Male	62.250.181.51
43	Elisabeth	Dreus	edreus16@cloudflare.com	Female	218.248.186.52
44	Dianne	Dunning	ddunning17@oracle.com	Female	214.150.247.219
45	Kettie	Stevens	kstevens18@census.gov	Female	44.241.212.215
46	Kendra	Schimke	kschimke19@themeforest.net	Female	180.78.107.211
47	Mackenzie	Lempke	mlempke1a@yahoo.com	Male	83.168.34.212
48	Thacher	Janicek	tjanicek1b@scribd.com	Male	170.237.192.159
49	Sigfrid	Yoseloff	syoseloff1c@opera.com	Male	220.34.158.94
50	Waverly	Aizikovitch	waizikovitch1d@infoseek.co.jp	Male	196.4.11.9
51	Constantina	Mellers	cmellers1e@furl.net	Female	244.163.94.104
52	Vincenty	Lossman	vlossman1f@webs.com	Male	18.92.174.36
53	Joanie	Asken	jasken1g@desdev.cn	Female	74.138.242.195
54	Mathilda	Kulvear	mkulvear1h@huffingtonpost.com	Female	182.198.153.197
55	Murielle	Tetther	mtetther1i@admin.ch	Female	53.247.81.101
56	Janine	Spender	jspender1j@nationalgeographic.com	Female	214.13.55.28
57	Gibb	Calwell	gcalwell1k@biglobe.ne.jp	Male	166.240.89.229
58	Kalinda	Hoyes	khoyes1l@google.pl	Female	233.28.12.144
59	Brucie	Zamorrano	bzamorrano1m@e-recht24.de	Male	86.44.222.66
60	Avrit	Pickston	apickston1n@netscape.com	Female	12.194.207.106
61	Trenton	Edger	tedger1o@chronoengine.com	Male	168.112.1.104
62	Munroe	Schimaschke	mschimaschke1p@zimbio.com	Male	171.249.73.150
63	Nye	Griss	ngriss1q@flickr.com	Male	230.59.201.51
64	Seline	Benit	sbenit1r@walmart.com	Female	163.231.107.18
65	Bonni	Eyers	beyers1s@pcworld.com	Female	179.59.128.67
66	Ulysses	Spary	uspary1t@facebook.com	Male	220.6.9.125
67	Nye	Claisse	nclaisse1u@spotify.com	Male	173.135.114.10
68	Gerianne	Cawdery	gcawdery1v@mysql.com	Female	6.133.3.217
69	Florenza	Terzo	fterzo1w@baidu.com	Female	203.200.133.199
70	Quentin	Goudge	qgoudge1x@networkadvertising.org	Female	219.114.99.55
71	Ariel	Shearsby	ashearsby1y@mayoclinic.com	Male	186.84.104.120
72	Leigha	Liebrecht	lliebrecht1z@adobe.com	Female	40.35.36.85
73	Karlie	Mathen	kmathen20@blogtalkradio.com	Female	27.228.2.208
74	Albina	Neeson	aneeson21@wikia.com	Female	133.248.155.186
75	Patrizius	Eakle	peakle22@cafepress.com	Male	246.225.179.54
76	Xaviera	Vick	xvick23@sitemeter.com	Female	183.220.4.138
77	Edyth	Shelliday	eshelliday24@epa.gov	Female	194.205.76.238
78	Scarlett	Eick	seick25@cyberchimps.com	Female	52.140.61.168
79	Jo ann	Allibon	jallibon26@pinterest.com	Female	219.52.243.95
80	Jamison	Santen	jsanten27@yelp.com	Male	130.59.14.144
81	Tonia	Vahl	tvahl28@sakura.ne.jp	Female	246.2.118.177
82	Merill	Hiscocks	mhiscocks29@globo.com	Male	180.250.120.200
83	Berne	Devin	bdevin2a@forbes.com	Male	227.154.152.27
84	Jillana	Syfax	jsyfax2b@wisc.edu	Female	28.248.216.108
85	Tye	Tomet	ttomet2c@auda.org.au	Male	169.71.134.196
86	Oates	Dionisetto	odionisetto2d@examiner.com	Male	232.189.62.211
87	Bard	Botright	bbotright2e@wix.com	Male	20.66.186.82
88	Helga	Maginn	hmaginn2f@hc360.com	Female	54.234.83.13
89	Thomas	Lehmann	tlehmann2g@dedecms.com	Male	133.6.38.136
90	Laurie	Proudler	lproudler2h@cbslocal.com	Male	159.54.154.19
91	Mia	Culpen	mculpen2i@hugedomains.com	Female	71.53.50.23
92	Merle	Kubelka	mkubelka2j@jugem.jp	Female	59.114.141.133
93	Stanton	Wetherick	swetherick2k@yahoo.co.jp	Male	54.2.148.21
94	Hamlen	Castana	hcastana2l@naver.com	Male	135.198.193.149
95	Rochella	Beech	rbeech2m@skype.com	Female	38.80.166.219
96	Parsifal	Kase	pkase2n@chicagotribune.com	Male	219.175.161.141
97	Tomlin	MacKaile	tmackaile2o@who.int	Male	121.179.111.222
98	Lorettalorna	McAlarney	lmcalarney2p@dedecms.com	Female	105.51.117.178
99	Sabrina	Glede	sglede2q@unblog.fr	Female	31.74.70.69
100	Linell	Suggitt	lsuggitt2r@mlb.com	Female	48.231.196.21
101	Tate	Betteriss	tbetteriss2s@elegantthemes.com	Male	74.218.160.168
102	Borg	Powell	bpowell2t@arizona.edu	Male	41.115.3.64
103	Heinrick	Chater	hchater2u@amazon.com	Male	137.159.242.125
104	Roselia	Filipic	rfilipic2v@reference.com	Female	250.91.214.139
105	Norri	Ubsdell	nubsdell2w@nytimes.com	Female	49.135.191.75
106	Demetra	Mor	dmor2x@vistaprint.com	Female	89.170.10.24
107	Kellen	Hooke	khooke2y@livejournal.com	Male	95.7.126.21
108	Kellyann	Tynan	ktynan2z@hp.com	Female	61.15.250.68
109	Clari	Merida	cmerida30@flavors.me	Female	244.175.166.6
110	Lance	Hazeldine	lhazeldine31@over-blog.com	Male	105.21.173.7
111	Bebe	Coney	bconey32@sitemeter.com	Female	79.231.182.120
112	Hernando	Blair	hblair33@blinklist.com	Male	125.46.225.103
113	Marney	Wadelin	mwadelin34@illinois.edu	Female	124.211.138.7
114	Saleem	Kulic	skulic35@artisteer.com	Male	232.90.169.147
115	Barb	Ickovici	bickovici36@skyrock.com	Female	3.223.74.68
116	Erek	Lanceter	elanceter37@mit.edu	Male	99.8.155.105
117	Dania	Look	dlook38@bizjournals.com	Female	166.180.169.108
118	Jacintha	Punt	jpunt39@jugem.jp	Female	119.249.105.99
119	Towney	Jesteco	tjesteco3a@cargocollective.com	Male	119.206.60.38
120	Curtis	Eichmann	ceichmann3b@comcast.net	Male	250.87.82.76
121	Nils	Lagde	nlagde3c@umich.edu	Male	4.211.179.94
122	Consalve	Abatelli	cabatelli3d@wix.com	Male	22.169.148.43
123	Grantham	Roo	groo3e@homestead.com	Male	233.20.162.237
124	Mordy	Guerrieri	mguerrieri3f@irs.gov	Male	175.217.160.253
125	Bradney	Peasgood	bpeasgood3g@histats.com	Male	136.28.236.125
126	Brennen	Gerrard	bgerrard3h@cornell.edu	Male	47.121.222.128
127	Antoni	Scrange	ascrange3i@wikispaces.com	Male	71.31.134.212
128	Gilbertine	Giraudoux	ggiraudoux3j@seesaa.net	Female	13.85.253.172
129	Josefina	Osbaldstone	josbaldstone3k@weebly.com	Female	90.23.64.96
130	Karney	Walklot	kwalklot3l@shop-pro.jp	Male	34.25.161.94
131	Corrianne	Treadger	ctreadger3m@github.io	Female	209.129.117.243
132	Hildagard	Jakubowicz	hjakubowicz3n@newyorker.com	Female	137.20.13.167
133	Abbey	Monck	amonck3o@pinterest.com	Female	119.56.49.172
134	Chrisy	Thurnham	cthurnham3p@canalblog.com	Male	203.50.72.178
135	Zita	Haworth	zhaworth3q@360.cn	Female	124.169.144.197
136	Jaclyn	Spitaro	jspitaro3r@zimbio.com	Female	71.201.80.112
137	Austen	Drewry	adrewry3s@posterous.com	Male	122.63.108.22
138	Myrna	Dugald	mdugald3t@stumbleupon.com	Female	136.57.228.239
139	Trenna	Scrimshaw	tscrimshaw3u@artisteer.com	Female	235.173.45.146
140	Moore	Abbets	mabbets3v@state.tx.us	Male	147.109.228.2
141	Cori	Chater	cchater3w@booking.com	Male	90.95.165.9
142	Wanda	Osmint	wosmint3x@unblog.fr	Female	100.31.13.186
143	Ardyth	Gillam	agillam3y@google.pl	Female	173.201.64.205
144	Bartel	Kestin	bkestin3z@europa.eu	Male	204.64.107.9
145	Trudi	Whiteland	twhiteland40@furl.net	Female	55.187.179.155
146	Sandye	Guerreiro	sguerreiro41@bing.com	Female	123.107.196.25
147	Karel	BURWIN	kburwin42@rakuten.co.jp	Female	100.37.100.26
148	Janos	Pizer	jpizer43@webeden.co.uk	Male	58.251.138.217
149	Judas	Rossi	jrossi44@latimes.com	Male	240.52.19.165
150	Margit	Rooson	mrooson45@tripod.com	Female	111.242.147.22
151	Kendre	Naris	knaris46@foxnews.com	Female	81.118.85.73
152	Joela	MacDuff	jmacduff47@nyu.edu	Female	163.182.20.66
153	Humfrey	Holttom	hholttom48@google.com.br	Male	214.110.191.192
154	Rocky	Mattam	rmattam49@360.cn	Male	123.71.72.218
155	Gannon	Eayrs	geayrs4a@un.org	Male	55.246.217.209
156	Jamima	Abbatucci	jabbatucci4b@cnn.com	Female	186.80.45.248
157	Jana	McClinton	jmcclinton4c@surveymonkey.com	Female	165.60.87.252
158	Phaidra	Amery	pamery4d@nydailynews.com	Female	208.97.99.209
159	Wanda	Leahey	wleahey4e@census.gov	Female	113.43.84.198
160	Borg	Gostick	bgostick4f@europa.eu	Male	13.84.55.239
161	Devora	Prevett	dprevett4g@joomla.org	Female	57.18.145.6
162	Karie	Sundin	ksundin4h@sohu.com	Female	4.2.51.186
163	Lazare	Postill	lpostill4i@ca.gov	Male	5.175.84.160
164	Nollie	Huntley	nhuntley4j@cam.ac.uk	Female	46.159.159.77
165	Charmain	Deverick	cdeverick4k@irs.gov	Female	242.121.14.58
166	Wells	Screaton	wscreaton4l@spiegel.de	Male	5.236.56.149
167	Evy	Larratt	elarratt4m@odnoklassniki.ru	Female	103.241.127.37
168	Alvera	Pavlasek	apavlasek4n@flickr.com	Female	74.83.108.48
169	Alanna	Sammonds	asammonds4o@blog.com	Female	30.142.50.164
170	Eliot	Avramchik	eavramchik4p@mapy.cz	Male	72.110.220.155
171	Ardelia	Phillipson	aphillipson4q@yale.edu	Female	177.119.54.229
172	Galvin	Coultard	gcoultard4r@geocities.jp	Male	141.255.255.203
173	Corilla	Sapwell	csapwell4s@usgs.gov	Female	119.138.195.193
174	Torrie	Thoumasson	tthoumasson4t@redcross.org	Female	151.221.86.136
175	Horton	Clancey	hclancey4u@sphinn.com	Male	231.87.205.248
176	Carri	Nardrup	cnardrup4v@etsy.com	Female	52.85.114.32
177	Cathryn	Armstrong	carmstrong4w@oakley.com	Female	70.9.100.162
178	Chip	Shobrook	cshobrook4x@icio.us	Male	248.119.171.27
179	Basilius	Spurdle	bspurdle4y@spiegel.de	Male	107.212.67.214
180	Myrle	Scopham	mscopham4z@myspace.com	Female	45.5.235.20
181	Arvin	Bestwerthick	abestwerthick50@stumbleupon.com	Male	40.173.59.168
182	D'arcy	Foster	dfoster51@sphinn.com	Male	148.38.0.146
183	Hermie	Morris	hmorris52@dmoz.org	Male	75.71.214.63
184	Meir	Peartree	mpeartree53@paginegialle.it	Male	12.186.220.226
185	Mic	Mayward	mmayward54@geocities.jp	Male	49.105.236.165
186	Stephanus	Paridge	sparidge55@hostgator.com	Male	49.177.152.102
187	Cheri	Tonsley	ctonsley56@nasa.gov	Female	159.205.68.80
188	Enid	Anderbrugge	eanderbrugge57@people.com.cn	Female	141.215.163.166
189	Ilene	Vickors	ivickors58@cbsnews.com	Female	39.10.86.91
190	Marco	Fontanet	mfontanet59@simplemachines.org	Male	60.154.42.94
191	Lauren	Gallatly	lgallatly5a@hp.com	Male	230.57.223.22
192	Reggis	Parkinson	rparkinson5b@princeton.edu	Male	150.129.156.140
193	Elfie	Arnaudon	earnaudon5c@simplemachines.org	Female	117.166.61.199
194	Alford	Frostdick	afrostdick5d@alexa.com	Male	97.163.70.110
195	Saraann	Endrici	sendrici5e@a8.net	Female	29.19.161.26
196	Tilly	Baxendale	tbaxendale5f@parallels.com	Female	131.194.208.67
197	Frederigo	Papaccio	fpapaccio5g@51.la	Male	119.135.105.202
198	Zacherie	Jouaneton	zjouaneton5h@baidu.com	Male	168.46.221.73
199	Bird	Gennings	bgennings5i@jugem.jp	Female	28.102.105.71
200	Ryley	Huyge	rhuyge5j@tumblr.com	Male	194.205.37.66
201	Pepita	Iorillo	piorillo5k@moonfruit.com	Female	245.119.68.250
202	Elton	Brambill	ebrambill5l@spotify.com	Male	90.201.162.80
203	Kym	Whitland	kwhitland5m@slashdot.org	Female	86.83.80.157
204	Stephana	Gookes	sgookes5n@businessweek.com	Female	65.221.79.84
205	Skippie	Usborn	susborn5o@sphinn.com	Male	145.55.152.174
206	Leontine	Stollenbeck	lstollenbeck5p@tmall.com	Female	214.49.59.222
207	Clim	Mines	cmines5q@who.int	Male	204.188.189.240
208	Fanny	Jouning	fjouning5r@theatlantic.com	Female	31.3.39.227
209	Millisent	O'Curran	mocurran5s@histats.com	Female	196.103.32.101
210	Gallagher	Cancellieri	gcancellieri5t@bbc.co.uk	Male	34.3.136.156
211	Virgina	Quade	vquade5u@samsung.com	Female	176.86.41.16
212	Efren	Wilcock	ewilcock5v@cbc.ca	Male	66.189.249.158
213	Jason	Jullian	jjullian5w@zdnet.com	Male	244.129.165.112
214	Bartholomeo	Sansun	bsansun5x@typepad.com	Male	200.38.7.134
215	Yolande	Cahn	ycahn5y@ucsd.edu	Female	59.16.188.231
216	Rosemonde	Biles	rbiles5z@ca.gov	Female	175.162.131.216
217	Margaret	Salvidge	msalvidge60@elpais.com	Female	59.249.29.174
218	Rodolfo	Wittrington	rwittrington61@wp.com	Male	46.225.234.2
219	Misha	Stump	mstump62@cloudflare.com	Female	88.50.201.43
220	Crista	Arangy	carangy63@ibm.com	Female	254.243.180.76
221	Germaine	Trythall	gtrythall64@census.gov	Female	238.206.207.44
222	Ermentrude	Edmondson	eedmondson65@pcworld.com	Female	92.245.71.140
223	Jeri	Dallyn	jdallyn66@bloomberg.com	Female	56.57.32.229
224	Bax	Creavin	bcreavin67@pen.io	Male	104.206.105.34
225	Dalia	Dufoure	ddufoure68@boston.com	Female	23.89.205.127
226	Damien	Edgett	dedgett69@vk.com	Male	124.140.173.111
227	Kellina	Wadley	kwadley6a@weebly.com	Female	1.239.237.132
228	Olivia	De Hooge	odehooge6b@sphinn.com	Female	124.46.174.126
229	Martica	Antal	mantal6c@baidu.com	Female	39.124.88.246
230	Danna	Shilling	dshilling6d@google.com.hk	Female	187.95.152.151
231	Peterus	Ivantsov	pivantsov6e@nytimes.com	Male	105.83.184.167
232	Micheal	Craske	mcraske6f@mysql.com	Male	92.162.81.178
233	Paten	Houlworth	phoulworth6g@multiply.com	Male	165.246.162.107
234	Tarra	Edeler	tedeler6h@etsy.com	Female	28.188.38.189
235	Sella	Bagot	sbagot6i@issuu.com	Female	96.175.68.210
236	Ilise	McMichan	imcmichan6j@amazonaws.com	Female	99.60.30.22
237	Alaric	Vynehall	avynehall6k@discuz.net	Male	66.5.180.127
238	Nydia	Marfell	nmarfell6l@mit.edu	Female	188.181.108.74
239	Jenelle	Yakobovicz	jyakobovicz6m@altervista.org	Female	208.0.33.160
240	Nissie	Labuschagne	nlabuschagne6n@nsw.gov.au	Female	29.249.220.205
241	Arin	Rushmere	arushmere6o@hexun.com	Male	193.245.32.250
242	Leanora	Westhofer	lwesthofer6p@buzzfeed.com	Female	164.229.232.87
243	Yanaton	Matschek	ymatschek6q@woothemes.com	Male	33.248.20.238
244	Angelo	Rogez	arogez6r@cmu.edu	Male	84.57.76.204
245	Gerard	Francisco	gfrancisco6s@deviantart.com	Male	148.232.216.100
246	Addy	Moores	amoores6t@sciencedirect.com	Male	83.179.84.54
247	Bent	Hillborne	bhillborne6u@hexun.com	Male	103.207.195.175
248	Gwendolin	Stockau	gstockau6v@vk.com	Female	144.53.30.44
249	Willetta	Daen	wdaen6w@ehow.com	Female	63.213.99.83
250	Field	Gley	fgley6x@multiply.com	Male	148.30.245.36
251	Elvira	Iacomelli	eiacomelli6y@accuweather.com	Female	227.87.16.24
252	Liliane	Lightewood	llightewood6z@guardian.co.uk	Female	203.137.149.56
253	Willie	Jeffels	wjeffels70@uiuc.edu	Female	100.173.205.240
254	Ansel	Le Fleming	alefleming71@cocolog-nifty.com	Male	121.131.150.116
255	Vivi	MacDonogh	vmacdonogh72@hc360.com	Female	189.230.80.101
256	Ax	Bewicke	abewicke73@theatlantic.com	Male	126.239.69.205
257	Noelle	Aubin	naubin74@1und1.de	Female	201.153.64.56
258	Dulcia	Baltzar	dbaltzar75@google.com.hk	Female	173.146.240.92
259	Dav	Matieu	dmatieu76@jimdo.com	Male	199.183.208.152
260	Claribel	Knewstub	cknewstub77@irs.gov	Female	167.198.116.153
261	Nikita	Core	ncore78@ebay.com	Male	138.84.100.64
262	Merrily	Soars	msoars79@sogou.com	Female	26.193.141.225
263	Mallory	Rivlin	mrivlin7a@sbwire.com	Male	121.99.143.218
264	Abran	Soal	asoal7b@friendfeed.com	Male	61.94.49.137
265	Iosep	McCosker	imccosker7c@blog.com	Male	27.79.66.252
266	Harlin	Pickford	hpickford7d@hostgator.com	Male	25.61.9.250
267	Ileane	Vasile	ivasile7e@51.la	Female	101.84.161.67
268	Alexis	Dace	adace7f@goo.ne.jp	Female	217.235.108.92
269	Lilia	Omand	lomand7g@pagesperso-orange.fr	Female	15.46.5.21
270	Coralie	Henner	chenner7h@auda.org.au	Female	63.28.110.249
271	Kaylil	Seczyk	kseczyk7i@tiny.cc	Female	190.235.140.233
272	Kalil	Veljes	kveljes7j@ovh.net	Male	86.153.194.73
273	Lev	Alderson	lalderson7k@elpais.com	Male	3.197.188.156
274	Freeland	Whitesel	fwhitesel7l@free.fr	Male	64.105.200.171
275	Ursala	Lope	ulope7m@sphinn.com	Female	195.1.249.54
276	Annabelle	Tupp	atupp7n@yelp.com	Female	143.184.208.219
277	Dareen	Wadie	dwadie7o@github.io	Female	67.59.24.113
278	Cristabel	Daulby	cdaulby7p@4shared.com	Female	190.139.176.83
279	Danie	MacAdam	dmacadam7q@furl.net	Male	116.149.201.76
280	Erna	Struther	estruther7r@msn.com	Female	25.252.184.242
281	Ophelia	Vigar	ovigar7s@tuttocitta.it	Female	235.138.53.216
282	Stacie	Mulloch	smulloch7t@umich.edu	Female	36.60.79.201
283	Kathryn	Hartgill	khartgill7u@nhs.uk	Female	98.101.194.222
284	Cully	Greenhaugh	cgreenhaugh7v@mashable.com	Male	8.180.162.167
285	Eugene	Guerrazzi	eguerrazzi7w@usgs.gov	Male	58.131.26.252
286	Maris	Millam	mmillam7x@123-reg.co.uk	Female	71.129.216.40
287	Lutero	Pionter	lpionter7y@discovery.com	Male	254.135.81.0
288	Ebenezer	Stowgill	estowgill7z@princeton.edu	Male	44.214.162.143
289	Kendall	Jenoure	kjenoure80@freewebs.com	Male	149.206.213.161
290	Delphine	Kittles	dkittles81@oakley.com	Female	233.193.31.128
291	Jenda	Grinikhinov	jgrinikhinov82@aol.com	Female	224.66.74.103
292	Kiele	Goade	kgoade83@nymag.com	Female	162.230.102.141
293	Wyn	Scatchar	wscatchar84@infoseek.co.jp	Male	149.123.142.51
294	Anestassia	Barajaz	abarajaz85@noaa.gov	Female	248.8.14.134
295	Drusy	Turmell	dturmell86@mapy.cz	Female	245.100.0.56
296	Lezley	Hedditeh	lhedditeh87@irs.gov	Male	202.5.88.28
297	Christen	Ledbetter	cledbetter88@virginia.edu	Female	91.207.10.54
298	Gerianna	Mugridge	gmugridge89@sakura.ne.jp	Female	34.198.205.243
299	Dreddy	Strangwood	dstrangwood8a@dion.ne.jp	Female	52.251.57.90
300	Finlay	Moncreif	fmoncreif8b@yellowpages.com	Male	216.63.89.175
301	Devland	Toward	dtoward8c@goodreads.com	Male	82.204.94.162
302	Cam	Giacobbo	cgiacobbo8d@economist.com	Male	7.247.20.148
303	Hiram	Noblett	hnoblett8e@hc360.com	Male	181.110.25.233
304	Nat	Radnage	nradnage8f@hostgator.com	Female	111.116.238.177
305	Pyotr	Francecione	pfrancecione8g@thetimes.co.uk	Male	199.251.221.9
306	Liv	Klimkin	lklimkin8h@timesonline.co.uk	Female	49.90.101.250
307	Alix	Battelle	abattelle8i@macromedia.com	Female	45.210.250.74
308	Mable	Rostron	mrostron8j@lycos.com	Female	58.98.182.211
309	Garv	Vernham	gvernham8k@domainmarket.com	Male	15.66.157.157
310	Whittaker	Morston	wmorston8l@shareasale.com	Male	40.98.232.51
311	Gaby	Dackombe	gdackombe8m@globo.com	Male	1.154.190.167
312	Kyle	Northern	knorthern8n@huffingtonpost.com	Female	27.161.62.72
313	Francesca	McCray	fmccray8o@exblog.jp	Female	228.39.146.220
314	Giacobo	Jackling	gjackling8p@istockphoto.com	Male	159.121.113.232
315	Stearne	Clother	sclother8q@netscape.com	Male	236.67.118.202
316	Flore	Bourke	fbourke8r@wunderground.com	Female	153.157.8.10
317	Pavia	Duferie	pduferie8s@gizmodo.com	Female	148.31.71.18
318	Cirilo	Langeren	clangeren8t@canalblog.com	Male	185.216.61.16
319	Tiertza	Swales	tswales8u@ask.com	Female	89.209.53.81
320	Goldia	Johnsee	gjohnsee8v@feedburner.com	Female	167.103.215.217
321	Kevon	Dilleway	kdilleway8w@alexa.com	Male	144.51.101.245
322	Carlin	Penketh	cpenketh8x@bloglines.com	Male	89.77.171.124
323	Tallie	Peirpoint	tpeirpoint8y@oaic.gov.au	Male	16.44.49.168
324	Butch	Breydin	bbreydin8z@globo.com	Male	214.198.63.255
325	Babs	Hopewell	bhopewell90@blogs.com	Female	102.3.225.137
326	Rufus	Laherty	rlaherty91@purevolume.com	Male	98.105.187.229
327	Rheba	McLucky	rmclucky92@yelp.com	Female	86.105.88.86
328	Elia	Readmire	ereadmire93@senate.gov	Male	166.96.204.3
329	Olia	Snarie	osnarie94@japanpost.jp	Female	192.174.248.224
330	Stanislaw	Sline	ssline95@dailymail.co.uk	Male	19.87.120.149
331	Carie	Godspede	cgodspede96@google.com.hk	Female	98.173.146.136
332	Allyce	Woolfitt	awoolfitt97@dion.ne.jp	Female	111.125.14.195
333	Chevalier	Radborn	cradborn98@purevolume.com	Male	45.126.26.248
334	Marshal	Ruckhard	mruckhard99@sun.com	Male	193.169.2.123
335	Millard	Fuster	mfuster9a@mtv.com	Male	151.234.206.137
336	Olenka	Emburey	oemburey9b@etsy.com	Female	89.232.114.185
337	Lavina	Ickovici	lickovici9c@home.pl	Female	66.152.50.5
338	Devlen	Vassel	dvassel9d@house.gov	Male	212.93.103.173
339	Raymond	Keld	rkeld9e@addthis.com	Male	73.6.3.26
340	Letizia	Danielsohn	ldanielsohn9f@nyu.edu	Female	186.80.54.53
341	Waylen	Brockton	wbrockton9g@wufoo.com	Male	176.97.48.36
342	Sasha	Collin	scollin9h@forbes.com	Male	160.130.227.14
343	Helga	Rylatt	hrylatt9i@chron.com	Female	239.101.209.80
344	Kaylyn	Henniger	khenniger9j@va.gov	Female	145.60.190.28
345	Hobie	Brookfield	hbrookfield9k@is.gd	Male	65.232.254.19
346	Wally	Dubbin	wdubbin9l@marriott.com	Male	25.31.4.97
347	Edythe	Eickhoff	eeickhoff9m@chronoengine.com	Female	175.209.5.11
348	Saunders	Tovey	stovey9n@altervista.org	Male	232.100.153.203
349	Krishna	Fauning	kfauning9o@studiopress.com	Male	7.208.67.48
350	Yoshi	Van Brug	yvanbrug9p@pinterest.com	Female	184.133.245.201
351	Darrel	Olivey	dolivey9q@google.pl	Male	164.228.150.114
352	Erma	Mersh	emersh9r@mail.ru	Female	73.255.251.64
353	Lemmie	Wilshire	lwilshire9s@amazon.co.jp	Male	227.18.15.18
354	Dorian	Bennoe	dbennoe9t@usgs.gov	Female	254.32.136.203
355	Sande	Pechacek	spechacek9u@wikia.com	Female	25.135.4.49
356	Huntlee	McCluin	hmccluin9v@forbes.com	Male	185.31.86.176
357	Mackenzie	Latey	mlatey9w@hexun.com	Male	153.243.6.5
358	Ada	Musslewhite	amusslewhite9x@vinaora.com	Female	78.117.97.45
359	Pammie	Baston	pbaston9y@unc.edu	Female	33.122.56.101
360	Daren	Salzberger	dsalzberger9z@apple.com	Male	69.22.207.199
361	Kelwin	Kivlin	kkivlina0@weather.com	Male	42.150.89.163
362	Elnar	Pridie	epridiea1@barnesandnoble.com	Male	98.77.108.236
363	Marven	Mound	mmounda2@purevolume.com	Male	88.214.66.77
364	Nelia	Phebey	nphebeya3@biglobe.ne.jp	Female	210.124.245.210
365	Hugibert	Twigger	htwiggera4@zimbio.com	Male	144.244.231.159
366	Jason	Bennet	jbenneta5@cam.ac.uk	Male	254.146.20.187
367	Morie	Llewelly	mllewellya6@rediff.com	Male	70.47.222.223
368	Kira	Lilywhite	klilywhitea7@people.com.cn	Female	188.128.62.110
369	Wallace	Perillo	wperilloa8@skyrock.com	Male	169.229.235.249
370	Kinna	Middlehurst	kmiddlehursta9@friendfeed.com	Female	27.147.41.195
371	Warde	Hastewell	whastewellaa@spiegel.de	Male	14.149.138.97
372	Pascal	Ughini	pughiniab@w3.org	Male	99.81.212.81
373	Jocelyn	Kinnock	jkinnockac@deviantart.com	Female	23.111.49.77
374	Hayyim	Feasley	hfeasleyad@godaddy.com	Male	204.212.206.28
375	Cicely	Balmer	cbalmerae@vistaprint.com	Female	180.247.115.205
376	Emlyn	Stanyforth	estanyforthaf@tinyurl.com	Female	37.79.240.8
377	Crystal	Kynton	ckyntonag@google.cn	Female	80.227.122.106
378	Raff	Penkethman	rpenkethmanah@sina.com.cn	Male	98.235.90.177
379	Sheryl	Dunmore	sdunmoreai@fema.gov	Female	181.7.38.202
380	Quintana	Creelman	qcreelmanaj@soundcloud.com	Female	183.58.47.235
381	Helaina	Livesey	hliveseyak@yellowpages.com	Female	161.173.28.186
382	Mordy	Skym	mskymal@angelfire.com	Male	127.229.2.255
383	Arlana	Burtwhistle	aburtwhistleam@slideshare.net	Female	74.85.16.123
384	Robers	Oslar	roslaran@tinyurl.com	Male	81.242.148.9
385	Bald	Dishman	bdishmanao@nhs.uk	Male	176.143.235.111
386	Henderson	Grainger	hgraingerap@walmart.com	Male	193.197.117.197
387	Nicholas	Richardson	nrichardsonaq@moonfruit.com	Male	247.56.0.89
388	Saunders	Brant	sbrantar@woothemes.com	Male	158.10.202.86
389	Gayelord	Rimmer	grimmeras@abc.net.au	Male	19.112.85.89
390	Mark	Mapam	mmapamat@vk.com	Male	100.187.45.67
391	Gavrielle	Fellini	gfelliniau@cbc.ca	Female	156.177.173.112
392	Eartha	Sturdgess	esturdgessav@51.la	Female	210.89.95.6
393	Garek	Tatters	gtattersaw@discuz.net	Male	73.1.218.61
394	Lelia	Branston	lbranstonax@flavors.me	Female	219.34.215.72
395	Giles	Fishlee	gfishleeay@theguardian.com	Male	101.220.217.80
396	Elinor	Lowden	elowdenaz@printfriendly.com	Female	34.23.192.102
397	Cirilo	Crichmer	ccrichmerb0@nature.com	Male	16.49.126.153
398	Silvana	Struan	sstruanb1@chronoengine.com	Female	47.93.13.63
399	Zabrina	Hymers	zhymersb2@wunderground.com	Female	22.253.244.190
400	Paton	Mouser	pmouserb3@discovery.com	Male	40.204.115.30
401	Allsun	Ballam	aballamb4@blog.com	Female	174.233.184.7
402	Anestassia	Simm	asimmb5@google.ru	Female	18.18.204.84
403	Shannon	Espinheira	sespinheirab6@msu.edu	Female	14.59.115.9
404	Hector	Hanretty	hhanrettyb7@umich.edu	Male	129.52.46.212
405	Cole	Hitzschke	chitzschkeb8@goodreads.com	Male	232.210.93.103
406	Mitzi	Smalridge	msmalridgeb9@home.pl	Female	196.208.61.143
407	Prentiss	Haycraft	phaycraftba@globo.com	Male	87.248.249.43
408	Caitrin	Titherington	ctitheringtonbb@trellian.com	Female	88.41.106.15
409	Shelly	Grinin	sgrininbc@example.com	Female	108.3.200.108
410	Orelle	Hele	ohelebd@sitemeter.com	Female	174.250.169.243
411	Bartram	Guitonneau	bguitonneaube@sitemeter.com	Male	101.235.187.212
412	Gannon	Gillooly	ggilloolybf@ibm.com	Male	121.39.107.232
413	Wallache	Nunnerley	wnunnerleybg@bing.com	Male	238.61.77.183
414	Phyllis	Sibborn	psibbornbh@livejournal.com	Female	153.243.209.101
415	Kirstyn	Lampbrecht	klampbrechtbi@intel.com	Female	165.138.40.220
416	Andriette	Louca	aloucabj@i2i.jp	Female	153.217.51.41
417	Scottie	Flippen	sflippenbk@aboutads.info	Male	51.36.53.230
418	Deidre	Heliet	dhelietbl@dion.ne.jp	Female	166.240.153.38
419	Klement	Kuscha	kkuschabm@jigsy.com	Male	137.230.249.253
420	Marlene	Golston	mgolstonbn@google.com.hk	Female	160.199.128.48
421	Brigg	Serrels	bserrelsbo@gizmodo.com	Male	10.114.30.52
422	Prentiss	Scotchforth	pscotchforthbp@guardian.co.uk	Male	52.223.104.223
423	Colet	Medlar	cmedlarbq@nifty.com	Male	104.216.249.175
424	Ronnie	Simakov	rsimakovbr@wikispaces.com	Female	135.138.152.96
425	Sheeree	Swinnerton	sswinnertonbs@blogtalkradio.com	Female	213.45.61.221
426	Faye	Kean	fkeanbt@bandcamp.com	Female	156.242.120.220
427	Ayn	Wimsett	awimsettbu@jalbum.net	Female	114.247.34.10
428	Gaultiero	Zaple	gzaplebv@goodreads.com	Male	202.146.76.171
429	Armand	Batram	abatrambw@nhs.uk	Male	109.210.211.88
430	Redd	Scardifield	rscardifieldbx@163.com	Male	219.113.211.108
431	Dominik	Brave	dbraveby@go.com	Male	75.211.128.12
432	Sammy	Udall	sudallbz@craigslist.org	Female	225.59.150.100
433	Renard	Stiegars	rstiegarsc0@example.com	Male	214.187.130.110
434	Dalton	Wreak	dwreakc1@nsw.gov.au	Male	138.163.173.175
435	Celinka	MacRirie	cmacririec2@paginegialle.it	Female	214.79.65.149
436	Lynette	Worham	lworhamc3@furl.net	Female	126.240.182.234
437	Balduin	Rings	bringsc4@dyndns.org	Male	195.147.217.52
438	Somerset	Fennelow	sfennelowc5@blogspot.com	Male	157.136.74.84
439	Derek	Neames	dneamesc6@soundcloud.com	Male	68.198.172.187
440	Humberto	Rockell	hrockellc7@arstechnica.com	Male	126.107.224.91
441	Newton	Exrol	nexrolc8@omniture.com	Male	42.213.215.236
442	Lawry	Jilliss	ljillissc9@jiathis.com	Male	147.102.108.5
443	Broddie	Danjoie	bdanjoieca@moonfruit.com	Male	73.68.94.60
444	Blair	Elston	belstoncb@arizona.edu	Female	194.39.211.6
445	Delphinia	De Benedictis	ddebenedictiscc@constantcontact.com	Female	195.182.225.251
446	Dov	Jupp	djuppcd@dell.com	Male	134.53.182.245
447	Bea	Fugere	bfugerece@google.nl	Female	172.83.211.255
448	Filberto	Parkins	fparkinscf@dailymotion.com	Male	232.43.228.27
449	Roselia	Vedishchev	rvedishchevcg@discovery.com	Female	44.21.42.69
450	Towny	Hane	thanech@msn.com	Male	51.247.191.225
451	Keelby	Brockman	kbrockmanci@infoseek.co.jp	Male	73.74.223.53
452	Janis	Simononsky	jsimononskycj@wired.com	Female	99.234.110.72
453	Addie	Farmloe	afarmloeck@npr.org	Male	200.255.180.31
454	Hollyanne	Gocher	hgochercl@ezinearticles.com	Female	112.22.97.222
455	Karney	Jedrzejewicz	kjedrzejewiczcm@g.co	Male	92.152.211.81
456	Aluino	Lorence	alorencecn@spiegel.de	Male	219.27.184.54
457	Serena	Shobbrook	sshobbrookco@icio.us	Female	255.195.164.115
458	Marcellus	Moxson	mmoxsoncp@oakley.com	Male	144.151.185.233
459	Alexio	Woodham	awoodhamcq@baidu.com	Male	125.56.71.42
460	Marsiella	Duigenan	mduigenancr@sfgate.com	Female	64.41.92.136
461	Yoko	Purselow	ypurselowcs@smh.com.au	Female	6.105.168.233
462	Brear	Kerswill	bkerswillct@networkadvertising.org	Female	215.27.254.122
463	Sam	Papachristophorou	spapachristophoroucu@cam.ac.uk	Male	207.35.249.239
464	Lennie	Holehouse	lholehousecv@tripadvisor.com	Male	123.254.73.112
465	Giles	Steet	gsteetcw@mit.edu	Male	95.211.150.35
466	Tiff	Scotter	tscottercx@flavors.me	Female	100.168.246.58
467	Dewitt	McBoyle	dmcboylecy@cnn.com	Male	248.108.226.39
468	Everard	Bark	ebarkcz@netscape.com	Male	144.132.220.21
469	Krista	Labitt	klabittd0@icio.us	Female	91.109.34.5
470	Boycie	Whittet	bwhittetd1@shinystat.com	Male	174.39.45.91
471	Saunders	Wem	swemd2@netlog.com	Male	185.208.18.3
472	Cloe	Proctor	cproctord3@tinypic.com	Female	120.242.128.180
473	Meier	O'Fielly	mofiellyd4@pbs.org	Male	211.24.228.27
474	Ignatius	Grayson	igraysond5@blogs.com	Male	16.210.232.40
475	Caria	Alelsandrowicz	calelsandrowiczd6@cyberchimps.com	Female	63.18.212.119
476	Skip	Bernhart	sbernhartd7@deliciousdays.com	Male	77.157.87.22
477	Teodoro	Ivanishin	tivanishind8@dailymail.co.uk	Male	96.33.24.144
478	Derrick	Hubbis	dhubbisd9@miitbeian.gov.cn	Male	187.170.246.88
479	Gretna	Zanicchi	gzanicchida@geocities.com	Female	146.117.61.201
480	Aleksandr	Sieur	asieurdb@fda.gov	Male	85.4.94.146
481	Hymie	Crebo	hcrebodc@wikipedia.org	Male	14.106.176.137
482	Westbrook	Bolver	wbolverdd@nasa.gov	Male	173.108.120.219
483	Dyane	Loddon	dloddonde@europa.eu	Female	200.45.232.141
484	Bryana	Rappport	brappportdf@reddit.com	Female	137.184.57.80
485	Tabb	Tschierse	ttschiersedg@free.fr	Male	0.192.90.88
486	Audre	Earl	aearldh@hostgator.com	Female	65.213.58.10
487	Gerick	Harkess	gharkessdi@washington.edu	Male	151.213.25.248
488	Simonette	Works	sworksdj@seattletimes.com	Female	243.53.224.214
489	Vanny	Harsnep	vharsnepdk@wikispaces.com	Female	44.241.180.47
490	Obidiah	Carvill	ocarvilldl@t.co	Male	94.200.1.246
491	Florie	Jorissen	fjorissendm@51.la	Female	97.152.250.18
492	Parsifal	Tomblin	ptomblindn@cbsnews.com	Male	248.35.62.178
493	Chelsie	Howis	chowisdo@canalblog.com	Female	232.40.236.184
494	Andromache	Jamson	ajamsondp@lulu.com	Female	189.112.7.114
495	Hanna	Pickerell	hpickerelldq@e-recht24.de	Female	211.193.78.173
496	Thaddeus	Kardos-Stowe	tkardosstowedr@nba.com	Male	118.117.103.100
497	Zollie	Tonepohl	ztonepohlds@stanford.edu	Male	253.156.169.203
498	Lion	Olohan	lolohandt@clickbank.net	Male	209.5.54.61
499	Rosemonde	Godmer	rgodmerdu@rambler.ru	Female	11.254.182.121
500	Klemens	Bicker	kbickerdv@sbwire.com	Male	134.223.170.129
501	Judith	Carleton	jcarletondw@github.io	Female	177.241.144.3
502	Feliks	Blaksley	fblaksleydx@sphinn.com	Male	209.57.59.172
503	Lottie	Llywarch	lllywarchdy@wordpress.com	Female	84.91.237.96
504	Keir	Van Arsdale	kvanarsdaledz@livejournal.com	Male	204.219.71.98
505	Harwell	Callard	hcallarde0@bigcartel.com	Male	184.177.247.200
506	Ester	O'dell	eodelle1@addthis.com	Female	103.104.239.239
507	Zach	Brugh	zbrughe2@ask.com	Male	119.125.98.161
508	Weston	Piddletown	wpiddletowne3@furl.net	Male	132.121.185.171
509	Callean	Baumadier	cbaumadiere4@photobucket.com	Male	151.192.140.111
510	Karlen	Pollicatt	kpollicatte5@hugedomains.com	Female	243.184.108.156
511	Jere	Orehead	joreheade6@wisc.edu	Male	238.135.65.2
512	Cris	Dollar	cdollare7@nytimes.com	Female	160.191.204.74
513	Modestia	McCurley	mmccurleye8@tamu.edu	Female	138.113.217.255
514	Giana	Amy	gamye9@w3.org	Female	190.8.157.58
515	Uriel	Diddams	udiddamsea@usgs.gov	Male	155.175.7.220
516	Purcell	Walkden	pwalkdeneb@indiegogo.com	Male	83.7.223.71
517	Gasper	Whittaker	gwhittakerec@topsy.com	Male	232.164.16.16
518	Jannelle	Imison	jimisoned@reddit.com	Female	72.203.65.161
519	Lara	Trent	ltrentee@about.me	Female	129.240.254.227
520	Cyril	Pomery	cpomeryef@yale.edu	Male	107.87.125.38
521	Friedrich	Husbands	fhusbandseg@fc2.com	Male	62.196.217.200
522	Tatiania	Bispham	tbisphameh@msu.edu	Female	16.181.48.61
523	Tonie	Gerritzen	tgerritzenei@cocolog-nifty.com	Female	179.9.14.147
524	Paton	Dawtre	pdawtreej@last.fm	Male	130.124.168.136
525	Mozelle	Dowbekin	mdowbekinek@oracle.com	Female	227.43.172.212
526	Araldo	Gellert	agellertel@nationalgeographic.com	Male	130.170.6.28
527	Sarge	Ivashinnikov	sivashinnikovem@ed.gov	Male	160.67.58.45
528	Marsh	Chamberlain	mchamberlainen@angelfire.com	Male	53.196.86.70
529	Sigismundo	Laba	slabaeo@sina.com.cn	Male	198.16.118.42
530	Dyanne	Pumphreys	dpumphreysep@freewebs.com	Female	105.169.124.106
531	Clementia	Tunnick	ctunnickeq@digg.com	Female	81.34.65.34
532	Hartwell	Regina	hreginaer@joomla.org	Male	225.129.201.191
533	Quincey	Suttling	qsuttlinges@jalbum.net	Male	148.140.28.246
534	Fidelity	Crosston	fcrosstonet@examiner.com	Female	149.133.128.227
535	Dolley	Gautrey	dgautreyeu@dagondesign.com	Female	222.95.35.51
536	Charlot	Edgington	cedgingtonev@nps.gov	Female	227.176.26.83
537	Lanny	Mazzilli	lmazzilliew@weather.com	Male	112.208.8.33
538	Sylas	Privett	sprivettex@odnoklassniki.ru	Male	149.96.22.35
539	Jedidiah	Summers	jsummersey@cpanel.net	Male	212.82.194.153
540	Quinton	Hasselby	qhasselbyez@icio.us	Male	141.55.40.134
541	Saundra	Bocke	sbockef0@redcross.org	Female	76.217.148.83
542	Hadrian	Cornely	hcornelyf1@rediff.com	Male	70.237.6.3
543	Findlay	Westraw	fwestrawf2@businessinsider.com	Male	195.190.89.100
544	Myrtie	Pitson	mpitsonf3@quantcast.com	Female	0.202.81.133
545	Paulie	Ochterlonie	pochterlonief4@behance.net	Male	80.22.53.250
546	Rurik	Hullett	rhullettf5@homestead.com	Male	68.105.127.78
547	Forster	Fullegar	ffullegarf6@boston.com	Male	197.90.35.57
548	Gray	Largen	glargenf7@edublogs.org	Male	202.204.82.46
549	Georgianne	Doxey	gdoxeyf8@amazon.co.jp	Female	209.64.87.141
550	Dionis	Coulsen	dcoulsenf9@hatena.ne.jp	Female	254.17.94.160
551	Isak	MacElholm	imacelholmfa@seattletimes.com	Male	195.247.242.180
552	Eric	Enriques	eenriquesfb@marketwatch.com	Male	118.23.66.112
553	Fletch	Ivashinnikov	fivashinnikovfc@purevolume.com	Male	44.101.136.187
554	Lilli	Spurge	lspurgefd@bravesites.com	Female	118.227.65.82
555	Lethia	Sarvar	lsarvarfe@reverbnation.com	Female	153.13.246.20
556	Guillaume	Hearst	ghearstff@dmoz.org	Male	216.99.20.233
557	Maddalena	Molan	mmolanfg@prnewswire.com	Female	97.231.148.106
558	Willi	Firmage	wfirmagefh@thetimes.co.uk	Female	198.137.216.75
559	Ken	McGrorty	kmcgrortyfi@nymag.com	Male	227.1.81.147
560	Brendis	Bettis	bbettisfj@mapy.cz	Male	114.39.24.85
561	Reinaldos	Wrey	rwreyfk@yolasite.com	Male	220.139.200.36
562	Nicolis	Jurasek	njurasekfl@paginegialle.it	Male	19.193.230.171
563	Carolin	Pegrum	cpegrumfm@noaa.gov	Female	200.151.121.59
564	Chet	Bienvenu	cbienvenufn@123-reg.co.uk	Male	197.32.105.146
565	Harriet	Hillhouse	hhillhousefo@google.co.jp	Female	162.198.229.77
566	Merilyn	Borrel	mborrelfp@altervista.org	Female	146.147.106.111
567	Free	Cheston	fchestonfq@nih.gov	Male	182.2.231.197
568	Emmaline	Ryland	erylandfr@bizjournals.com	Female	238.185.133.220
569	Jarrid	Adrienne	jadriennefs@wp.com	Male	241.120.79.41
570	Ernst	Beesey	ebeeseyft@xrea.com	Male	24.87.13.135
571	Chalmers	Padbery	cpadberyfu@state.gov	Male	53.120.83.15
572	Aymer	Foddy	afoddyfv@princeton.edu	Male	40.41.65.239
573	Brook	Bront	bbrontfw@netlog.com	Male	150.186.47.123
574	Hashim	Boyall	hboyallfx@state.gov	Male	181.240.3.176
575	Kathe	Wheaton	kwheatonfy@wikia.com	Female	46.73.125.103
576	Lurette	Lilleycrop	llilleycropfz@bravesites.com	Female	46.149.244.66
577	Corry	Gronno	cgronnog0@businesswire.com	Female	243.132.156.255
578	Chas	Sigward	csigwardg1@twitter.com	Male	213.194.184.238
579	Arlin	Westnage	awestnageg2@nba.com	Male	98.16.62.31
580	Robbyn	Rusbridge	rrusbridgeg3@epa.gov	Female	127.245.74.214
581	Donnell	Monkman	dmonkmang4@shareasale.com	Male	219.137.4.214
582	Beaufort	Jeandillou	bjeandilloug5@theatlantic.com	Male	122.231.85.102
583	Gal	MacAnulty	gmacanultyg6@amazon.co.uk	Male	191.0.129.28
584	Zabrina	Mostyn	zmostyng7@theglobeandmail.com	Female	127.188.172.239
585	Hobart	Eidelman	heidelmang8@odnoklassniki.ru	Male	96.202.96.156
586	Joaquin	Dulake	jdulakeg9@cafepress.com	Male	70.110.112.134
587	Benson	Penella	bpenellaga@smugmug.com	Male	81.99.146.133
588	Shanie	Quince	squincegb@admin.ch	Female	133.107.42.174
589	Rickey	Shalcras	rshalcrasgc@csmonitor.com	Male	224.37.203.243
590	Tait	Kolyagin	tkolyagingd@xing.com	Male	80.203.21.163
591	Shirlee	MacPhaden	smacphadenge@rambler.ru	Female	195.231.120.250
592	Jacklyn	Haizelden	jhaizeldengf@simplemachines.org	Female	91.232.31.21
593	Florrie	Cohen	fcohengg@google.co.jp	Female	22.140.53.194
594	Osbert	Tattershaw	otattershawgh@dion.ne.jp	Male	58.145.103.122
595	Ivette	Josephov	ijosephovgi@salon.com	Female	70.252.93.5
596	Ash	Mulholland	amulhollandgj@bandcamp.com	Male	66.225.245.6
597	Emylee	Snaddon	esnaddongk@umn.edu	Female	78.70.240.130
598	Gareth	Ferson	gfersongl@yelp.com	Male	243.93.125.12
599	Cornie	Towler	ctowlergm@tinypic.com	Male	217.39.130.55
600	Basilio	Lumsdall	blumsdallgn@people.com.cn	Male	90.157.137.99
601	Teodor	Delort	tdelortgo@ocn.ne.jp	Male	35.33.122.52
602	Roselin	Roycroft	rroycroftgp@amazon.de	Female	65.178.39.49
603	Brooke	Daveridge	bdaveridgegq@google.ru	Female	106.184.16.79
604	Jesse	Morin	jmoringr@bigcartel.com	Male	171.75.80.206
605	Loraine	Bole	lbolegs@nifty.com	Female	226.147.22.227
606	Perrine	Tilt	ptiltgt@stanford.edu	Female	192.197.128.78
607	Gery	Vellacott	gvellacottgu@zdnet.com	Male	182.160.74.179
608	Wilfrid	Maren	wmarengv@networkadvertising.org	Male	184.160.122.215
609	Olin	Scott	oscottgw@slideshare.net	Male	26.190.240.25
610	Marieann	Winyard	mwinyardgx@ezinearticles.com	Female	99.154.225.62
611	Leda	Bank	lbankgy@privacy.gov.au	Female	180.95.48.54
612	Kellia	Avory	kavorygz@devhub.com	Female	2.184.222.58
613	Riley	Babbe	rbabbeh0@reuters.com	Male	190.117.12.211
614	Milty	Clymo	mclymoh1@apple.com	Male	109.5.230.6
615	Fransisco	Kermeen	fkermeenh2@google.com.br	Male	212.99.139.125
616	Marleen	Sirmond	msirmondh3@bizjournals.com	Female	91.140.84.200
617	Thedrick	Boutellier	tboutellierh4@twitpic.com	Male	198.37.160.49
618	Carlyle	Frary	cfraryh5@yahoo.com	Male	2.199.75.131
619	Weylin	Peacop	wpeacoph6@va.gov	Male	10.237.147.242
620	Lucio	Ruggiero	lruggieroh7@wordpress.org	Male	141.220.20.164
621	Chiquita	Danbrook	cdanbrookh8@wisc.edu	Female	178.1.55.115
622	Marylynne	Kitchinghan	mkitchinghanh9@artisteer.com	Female	58.197.134.36
623	Luciana	Tilbury	ltilburyha@craigslist.org	Female	11.45.231.29
624	Hadleigh	Grzesiewicz	hgrzesiewiczhb@imdb.com	Male	217.61.24.16
625	Carita	Pruce	cprucehc@mac.com	Female	124.33.80.203
626	Kriste	Rutland	krutlandhd@usnews.com	Female	149.189.147.69
627	De witt	Magarrell	dmagarrellhe@naver.com	Male	142.151.63.216
628	Cyrille	Kenford	ckenfordhf@fastcompany.com	Male	52.232.235.14
629	Minda	Kiledal	mkiledalhg@newyorker.com	Female	101.189.204.176
630	Shelli	Risbridger	srisbridgerhh@japanpost.jp	Female	52.126.71.175
631	Lolita	Drohane	ldrohanehi@desdev.cn	Female	147.143.147.249
632	Chloris	Lear	clearhj@theguardian.com	Female	37.30.39.98
633	Ninon	Mumbray	nmumbrayhk@harvard.edu	Female	64.247.243.78
634	Lelah	Wittleton	lwittletonhl@privacy.gov.au	Female	243.233.213.187
635	Stanfield	Arend	sarendhm@people.com.cn	Male	172.203.125.130
636	Adora	Napthine	anapthinehn@soundcloud.com	Female	55.138.236.93
637	Brannon	Hegley	bhegleyho@ibm.com	Male	42.124.188.25
638	Cesaro	McAndrew	cmcandrewhp@hc360.com	Male	86.172.47.0
639	Collete	McKenny	cmckennyhq@nps.gov	Female	186.39.226.37
640	Mathilda	Grissett	mgrissetthr@about.me	Female	163.21.171.198
641	Pierrette	Tureville	pturevillehs@jugem.jp	Female	125.45.221.122
642	Tito	Olorenshaw	tolorenshawht@prnewswire.com	Male	85.170.1.230
643	Reyna	Conradie	rconradiehu@altervista.org	Female	28.54.31.55
644	Wildon	Toffetto	wtoffettohv@themeforest.net	Male	247.83.1.177
645	Ddene	Braferton	dbrafertonhw@addtoany.com	Female	86.44.61.111
646	Barnebas	Farquar	bfarquarhx@xing.com	Male	236.137.19.178
647	Annette	Woolliams	awoolliamshy@google.com.au	Female	167.93.62.191
648	Cyrill	Drohane	cdrohanehz@themeforest.net	Male	29.147.37.254
649	Erik	Hazell	ehazelli0@cdc.gov	Male	224.188.29.18
650	Cullan	Farmiloe	cfarmiloei1@joomla.org	Male	7.189.56.253
651	Adelaida	Gabbotts	agabbottsi2@list-manage.com	Female	144.33.174.127
652	Flora	O'Towey	fotoweyi3@people.com.cn	Female	151.65.122.236
653	Bo	Lebrun	blebruni4@wunderground.com	Male	170.186.148.102
654	Magdaia	Gutridge	mgutridgei5@nasa.gov	Female	235.184.248.57
655	Dacey	MacAne	dmacanei6@amazon.co.uk	Female	208.124.17.124
656	Danny	Yewdell	dyewdelli7@linkedin.com	Male	142.87.115.14
657	Jesselyn	De Laspee	jdelaspeei8@google.ca	Female	55.185.3.250
658	Hodge	Havesides	hhavesidesi9@cisco.com	Male	106.114.52.9
659	Georgine	Gossling	ggosslingia@netlog.com	Female	69.148.84.238
660	Courtnay	Cokayne	ccokayneib@answers.com	Female	166.6.150.14
661	Ameline	Coultass	acoultassic@ucoz.com	Female	198.47.248.126
662	Sigismondo	Straniero	sstranieroid@npr.org	Male	0.149.28.204
663	Murry	Illidge	millidgeie@cnbc.com	Male	219.230.50.34
664	Leyla	Mephan	lmephanif@weebly.com	Female	61.151.195.39
665	Bernete	Drains	bdrainsig@mail.ru	Female	252.18.73.235
666	Leanna	Woolbrook	lwoolbrookih@nytimes.com	Female	106.96.143.64
667	Matthiew	Luce	mluceii@geocities.jp	Male	174.219.83.166
668	Aldrich	Mangan	amanganij@g.co	Male	222.99.139.241
669	Claudius	Goldingay	cgoldingayik@liveinternet.ru	Male	205.47.21.138
670	Betsy	Raddish	braddishil@joomla.org	Female	35.36.117.93
671	Lu	Ewings	lewingsim@independent.co.uk	Female	210.0.251.213
672	Tait	Kelwick	tkelwickin@csmonitor.com	Male	15.211.109.227
673	Dagny	Howarth	dhowarthio@tinypic.com	Male	98.231.253.222
674	Zackariah	Bloxam	zbloxamip@miitbeian.gov.cn	Male	104.187.17.17
675	Waite	Frosdick	wfrosdickiq@tinypic.com	Male	224.169.229.144
676	Tuck	Putman	tputmanir@seattletimes.com	Male	205.226.214.142
677	Chevalier	Bonniface	cbonnifaceis@hp.com	Male	24.3.104.20
678	Robbie	Gottschalk	rgottschalkit@about.com	Male	139.53.33.167
679	Editha	Fiddymont	efiddymontiu@ow.ly	Female	138.62.174.62
680	Venita	Riddle	vriddleiv@businessinsider.com	Female	19.81.26.28
681	Jessey	Largent	jlargentiw@facebook.com	Male	215.202.107.27
682	Corbet	Cosker	ccoskerix@abc.net.au	Male	127.17.58.53
683	Fedora	Goeff	fgoeffiy@homestead.com	Female	107.171.149.222
684	Brewer	Cluney	bcluneyiz@vistaprint.com	Male	254.221.112.168
685	Bianca	Dransfield	bdransfieldj0@joomla.org	Female	244.206.1.34
686	Nanice	Immins	nimminsj1@hugedomains.com	Female	174.84.166.201
687	Sayer	Germann	sgermannj2@wikipedia.org	Male	127.130.103.15
688	Brigida	Rutley	brutleyj3@newyorker.com	Female	160.209.30.98
689	Miner	Surman	msurmanj4@reuters.com	Male	49.137.148.111
690	Nikolia	Lyston	nlystonj5@joomla.org	Female	99.10.45.141
691	Jodi	Schenfisch	jschenfischj6@wikia.com	Female	12.160.230.232
692	Winona	Spurier	wspurierj7@paypal.com	Female	239.219.225.214
693	Ives	Spring	ispringj8@parallels.com	Male	189.30.216.115
694	Renate	Ingerman	ringermanj9@xrea.com	Female	210.202.114.148
695	Zena	Ketteman	zkettemanja@example.com	Female	175.88.137.34
696	Page	Charman	pcharmanjb@weibo.com	Female	147.200.2.34
697	Renault	Abbess	rabbessjc@about.me	Male	51.201.225.110
698	Anabelle	Dincke	adinckejd@google.cn	Female	73.139.96.101
699	Margalo	Heeley	mheeleyje@economist.com	Female	91.155.100.125
700	Margot	Demeza	mdemezajf@soup.io	Female	103.222.172.122
701	Siobhan	Wilfinger	swilfingerjg@blogger.com	Female	120.125.243.77
702	Patton	Greason	pgreasonjh@photobucket.com	Male	199.192.145.227
703	Lea	Fronsek	lfronsekji@guardian.co.uk	Female	156.37.1.41
704	Ilse	Pegg	ipeggjj@sphinn.com	Female	166.47.98.125
705	Vicki	Meredyth	vmeredythjk@cloudflare.com	Female	124.74.145.95
706	Kai	Bennoe	kbennoejl@yolasite.com	Female	25.86.6.109
707	Sybille	Gilliver	sgilliverjm@engadget.com	Female	69.122.6.156
708	Meyer	Laste	mlastejn@taobao.com	Male	15.54.1.70
709	Kerianne	Jeffry	kjeffryjo@senate.gov	Female	33.13.127.181
710	Arther	Dorracott	adorracottjp@macromedia.com	Male	92.247.209.14
711	Quinta	Saurat	qsauratjq@prnewswire.com	Female	128.225.39.20
712	Otis	MacCoughen	omaccoughenjr@tiny.cc	Male	196.191.140.222
713	Clem	Glassopp	cglassoppjs@seesaa.net	Male	78.53.75.19
714	Bili	Brennand	bbrennandjt@shutterfly.com	Female	37.85.253.9
715	Eduardo	Kitley	ekitleyju@chronoengine.com	Male	12.35.195.0
716	Valdemar	Cruces	vcrucesjv@cdbaby.com	Male	16.196.150.64
717	Shanon	Vaugham	svaughamjw@sohu.com	Female	65.220.53.248
718	Conroy	Pendrigh	cpendrighjx@prnewswire.com	Male	170.197.219.66
719	Heather	Christol	hchristoljy@disqus.com	Female	131.155.195.24
720	Ardene	Pringell	apringelljz@google.com.br	Female	181.104.179.117
721	Gilli	Ruddlesden	gruddlesdenk0@prnewswire.com	Female	45.156.75.69
722	Chrissy	Dudney	cdudneyk1@smugmug.com	Female	59.79.23.239
723	Bess	Ferreri	bferrerik2@mayoclinic.com	Female	153.165.32.148
724	Tressa	Santus	tsantusk3@independent.co.uk	Female	139.167.231.60
725	Giraud	Tranfield	gtranfieldk4@ameblo.jp	Male	182.212.136.9
726	Carlota	O'Hearn	cohearnk5@amazon.de	Female	176.206.111.16
727	Cally	Yusupov	cyusupovk6@earthlink.net	Female	83.193.61.223
728	Sansone	Sydes	ssydesk7@ca.gov	Male	82.33.140.248
729	Ced	Sivyer	csivyerk8@ox.ac.uk	Male	121.37.255.139
730	Bartolemo	Yurov	byurovk9@mac.com	Male	208.2.77.81
731	Faith	Ruggles	fruggleska@slideshare.net	Female	219.200.103.217
732	Henrik	Strong	hstrongkb@mapy.cz	Male	55.183.78.177
733	Brian	Sandwick	bsandwickkc@so-net.ne.jp	Male	101.188.216.224
734	Gerome	Coyte	gcoytekd@dailymail.co.uk	Male	29.246.38.33
735	Flss	Grenshields	fgrenshieldske@salon.com	Female	205.242.226.161
736	Denis	Acreman	dacremankf@archive.org	Male	133.12.198.77
737	Rebecca	Hucknall	rhucknallkg@list-manage.com	Female	51.138.202.46
738	Amerigo	Carty	acartykh@weather.com	Male	67.30.67.42
739	Rozele	Caldicott	rcaldicottki@irs.gov	Female	99.3.77.5
740	Farlee	Brauninger	fbrauningerkj@csmonitor.com	Male	144.129.201.173
741	Ambros	Loynes	aloyneskk@ed.gov	Male	215.176.17.241
742	Kippy	Temperton	ktempertonkl@cornell.edu	Male	110.253.186.51
743	Giorgi	Farlane	gfarlanekm@wikipedia.org	Male	192.9.115.98
744	Borg	Hollingshead	bhollingsheadkn@arizona.edu	Male	25.163.32.201
745	Arron	Beltzner	abeltznerko@jalbum.net	Male	2.33.103.16
746	Ruttger	Latty	rlattykp@comsenz.com	Male	13.213.147.173
747	Davida	Gerriets	dgerrietskq@google.cn	Female	229.92.27.117
748	Der	Singleton	dsingletonkr@usa.gov	Male	121.238.46.66
749	Vania	Trahar	vtraharks@slate.com	Female	147.65.88.51
750	Evin	Stowgill	estowgillkt@globo.com	Male	168.124.99.7
751	Gregorius	Aasaf	gaasafku@youtu.be	Male	143.160.222.249
752	Selinda	Vuitton	svuittonkv@dyndns.org	Female	5.86.106.221
753	Richie	Gannon	rgannonkw@de.vu	Male	182.67.214.160
754	Ruthie	Lippingwell	rlippingwellkx@privacy.gov.au	Female	55.6.224.187
755	Kippie	Tuffin	ktuffinky@usda.gov	Male	145.17.142.76
756	Zarla	McCarney	zmccarneykz@godaddy.com	Female	240.220.33.77
757	Mattias	Habergham	mhaberghaml0@webeden.co.uk	Male	77.220.220.98
758	Dermot	Sharpling	dsharplingl1@boston.com	Male	238.164.43.107
759	Jay	Hankey	jhankeyl2@hao123.com	Male	232.40.135.4
760	Meryl	Ulster	mulsterl3@latimes.com	Male	163.66.113.139
761	Arabela	Ferronet	aferronetl4@zdnet.com	Female	1.199.135.138
762	Parrnell	Kohlerman	pkohlermanl5@chronoengine.com	Male	229.101.224.166
763	Jessie	Evens	jevensl6@cisco.com	Male	242.38.141.247
764	Damien	Beachem	dbeacheml7@scribd.com	Male	6.195.217.246
765	Iormina	Carles	icarlesl8@ebay.co.uk	Female	235.127.64.160
766	Morlee	Scarisbrick	mscarisbrickl9@github.com	Male	132.152.176.244
767	Marlo	Ormesher	mormesherla@skype.com	Male	69.178.245.179
768	Heidie	Conant	hconantlb@example.com	Female	83.151.45.56
769	Saunders	Makin	smakinlc@reference.com	Male	100.85.198.109
770	Ermentrude	Skeech	eskeechld@nifty.com	Female	156.131.93.242
771	Raddie	Warland	rwarlandle@ezinearticles.com	Male	104.240.86.42
772	Eli	Werndly	ewerndlylf@youku.com	Male	165.206.122.16
773	Udall	Adshed	uadshedlg@hhs.gov	Male	55.67.106.143
774	Kandace	Billo	kbillolh@state.gov	Female	174.250.134.187
775	Annnora	Clingoe	aclingoeli@exblog.jp	Female	158.190.9.144
776	Agosto	Wem	awemlj@china.com.cn	Male	163.240.200.100
777	Bartram	Hembry	bhembrylk@alibaba.com	Male	28.247.47.19
778	Vivienne	Dorot	vdorotll@networkadvertising.org	Female	158.82.95.69
779	Yulma	Corre	ycorrelm@thetimes.co.uk	Male	193.75.192.206
780	Andy	Munro	amunroln@arstechnica.com	Male	67.73.58.203
781	Maire	Place	mplacelo@squidoo.com	Female	146.119.31.46
782	Rosene	Londors	rlondorslp@histats.com	Female	118.61.50.254
783	Gerry	Allnutt	gallnuttlq@devhub.com	Male	79.130.79.85
784	Shirley	Stapells	sstapellslr@wiley.com	Female	219.45.62.54
785	Nat	Blumfield	nblumfieldls@intel.com	Female	212.21.93.230
786	Elle	Skrzynski	eskrzynskilt@msn.com	Female	36.220.254.172
787	Enrica	Larive	elarivelu@ning.com	Female	130.66.67.248
788	Shawn	Trevarthen	strevarthenlv@reuters.com	Female	78.63.225.12
789	Beatriz	Challenor	bchallenorlw@archive.org	Female	245.10.156.33
790	Rickey	Quaintance	rquaintancelx@hatena.ne.jp	Male	219.59.150.249
791	Nataniel	Sealand	nsealandly@sun.com	Male	120.40.159.15
792	Diane-marie	Heymann	dheymannlz@amazon.com	Female	215.66.28.167
793	Herbert	Hehl	hhehlm0@reference.com	Male	85.5.62.78
794	Luelle	Doerr	ldoerrm1@liveinternet.ru	Female	74.128.204.224
795	Norina	Leverich	nleverichm2@un.org	Female	249.153.43.103
796	Rusty	Hatchard	rhatchardm3@google.ca	Male	160.167.84.102
797	Carey	Brimfield	cbrimfieldm4@intel.com	Male	169.213.203.111
798	Romain	McClune	rmcclunem5@blog.com	Male	109.189.99.121
799	Mattie	Philot	mphilotm6@wikia.com	Female	83.121.89.248
800	Denver	Winear	dwinearm7@howstuffworks.com	Male	189.191.78.201
801	Alexander	Gouldbourn	agouldbournm8@google.ru	Male	11.148.46.216
802	Mordy	Cords	mcordsm9@unesco.org	Male	172.85.252.217
803	Luke	Kitteman	lkittemanma@patch.com	Male	84.136.251.6
804	Anthia	Herculeson	aherculesonmb@gravatar.com	Female	124.25.121.78
805	Jone	Larciere	jlarcieremc@cbsnews.com	Male	180.225.247.226
806	Lindsay	L'Episcopio	llepiscopiomd@goo.ne.jp	Male	191.4.83.196
807	Callie	Ochterlony	cochterlonyme@blogger.com	Female	219.182.70.153
808	Mair	Ronnay	mronnaymf@addthis.com	Female	248.183.241.15
809	Benedick	Sweetnam	bsweetnammg@photobucket.com	Male	105.183.123.82
810	Arty	Maginot	amaginotmh@123-reg.co.uk	Male	4.234.188.83
811	Cecilius	Cuss	ccussmi@gizmodo.com	Male	0.114.59.154
812	Suki	Powis	spowismj@twitter.com	Female	200.253.194.127
813	Ewan	Dabernott	edabernottmk@amazon.co.jp	Male	220.132.183.194
814	Aura	Elgar	aelgarml@engadget.com	Female	239.115.188.8
815	Mart	Meegan	mmeeganmm@harvard.edu	Male	157.108.161.130
816	Ingeberg	Raddan	iraddanmn@imageshack.us	Female	103.141.100.11
817	Al	Kelson	akelsonmo@chicagotribune.com	Male	181.41.236.156
818	Ginger	Rudgard	grudgardmp@ovh.net	Female	18.163.23.24
819	Rochella	Fowden	rfowdenmq@state.tx.us	Female	186.90.92.68
820	Baryram	Craigg	bcraiggmr@jalbum.net	Male	45.19.148.37
821	Forester	Bulman	fbulmanms@time.com	Male	85.184.208.158
822	Man	Noone	mnoonemt@51.la	Male	218.1.11.192
823	Buddy	Greest	bgreestmu@auda.org.au	Male	74.182.43.220
824	Beck	Ferguson	bfergusonmv@xinhuanet.com	Male	51.160.203.97
825	Constantine	Fletcher	cfletchermw@marketwatch.com	Male	42.137.242.138
826	Chrissy	Diment	cdimentmx@mysql.com	Male	10.149.23.29
827	Con	Gobbett	cgobbettmy@latimes.com	Male	107.112.218.119
828	Bjorn	Brekonridge	bbrekonridgemz@nationalgeographic.com	Male	191.108.78.179
829	Sherill	Hunn	shunnn0@blinklist.com	Female	43.107.186.94
830	Lemuel	Schafer	lschafern1@bravesites.com	Male	65.140.107.12
831	Maggy	Hens	mhensn2@google.pl	Female	64.207.17.131
832	Debor	Sedger	dsedgern3@hatena.ne.jp	Female	0.14.219.39
833	Allene	Boykett	aboykettn4@xrea.com	Female	46.161.11.116
834	Katalin	Butts	kbuttsn5@reuters.com	Female	177.121.162.70
835	Celia	Girardini	cgirardinin6@timesonline.co.uk	Female	186.9.237.244
836	Myrta	Tackley	mtackleyn7@meetup.com	Female	220.54.183.42
837	Casar	Joslin	cjoslinn8@sourceforge.net	Male	113.7.56.96
838	Babb	Cossem	bcossemn9@altervista.org	Female	206.141.4.45
839	Adelina	Sutter	asutterna@facebook.com	Female	231.245.90.250
840	Vivien	Cheston	vchestonnb@youku.com	Female	220.107.251.187
841	Brant	Wishart	bwishartnc@mail.ru	Male	170.197.33.195
842	Albina	Saphin	asaphinnd@msu.edu	Female	31.64.17.68
843	Dominik	Toulson	dtoulsonne@illinois.edu	Male	151.198.224.200
844	Jennifer	Roistone	jroistonenf@china.com.cn	Female	150.244.45.150
845	Ulises	Oldall	uoldallng@parallels.com	Male	12.95.22.80
846	Zed	Fairbourne	zfairbournenh@dailymotion.com	Male	211.117.159.168
847	Ibrahim	Gruczka	igruczkani@whitehouse.gov	Male	143.32.37.94
848	Leone	Lytton	llyttonnj@exblog.jp	Female	50.161.140.234
849	Jacquenetta	Milillo	jmilillonk@nymag.com	Female	129.181.116.215
850	Jacklin	Arkley	jarkleynl@qq.com	Female	199.169.134.233
851	Berkly	Truwert	btruwertnm@addtoany.com	Male	104.29.56.63
852	Loreen	Barclay	lbarclaynn@goo.gl	Female	245.110.158.115
853	Juliane	Hargey	jhargeyno@1688.com	Female	224.2.116.17
854	Junette	Hulance	jhulancenp@alexa.com	Female	207.147.31.209
855	Gigi	Pakenham	gpakenhamnq@de.vu	Female	2.67.22.15
856	Wood	Sanper	wsanpernr@omniture.com	Male	169.231.112.16
857	Cherry	Shortcliffe	cshortcliffens@weebly.com	Female	203.27.159.51
858	Zahara	Plom	zplomnt@uol.com.br	Female	202.203.237.116
859	Wait	Pakes	wpakesnu@ehow.com	Male	59.63.62.184
860	Devlin	Crush	dcrushnv@irs.gov	Male	24.7.125.82
861	Carmita	Bram	cbramnw@washington.edu	Female	133.127.143.240
862	Gavan	Dunrige	gdunrigenx@sphinn.com	Male	196.53.213.155
863	Jacquetta	Mitchell	jmitchellny@seesaa.net	Female	5.175.193.29
864	Christal	Banyard	cbanyardnz@posterous.com	Female	235.25.24.123
865	Hollie	McSorley	hmcsorleyo0@marriott.com	Female	121.126.3.137
866	Maribeth	Doogue	mdoogueo1@facebook.com	Female	146.97.77.61
867	Kiley	Giannasi	kgiannasio2@newsvine.com	Female	73.101.45.69
868	Deina	Facer	dfacero3@tumblr.com	Female	198.36.98.249
869	Jeromy	O' Brian	jobriano4@ameblo.jp	Male	168.130.203.23
870	Agustin	Spreadbury	aspreadburyo5@naver.com	Male	92.246.219.6
871	Hillier	Charrett	hcharretto6@discovery.com	Male	241.198.176.77
872	Antin	MacCorkell	amaccorkello7@hubpages.com	Male	130.35.218.184
873	Brooks	Aireton	bairetono8@infoseek.co.jp	Female	100.11.18.76
874	Deana	Alsina	dalsinao9@g.co	Female	222.245.105.206
875	Roxanne	Brettoner	rbrettoneroa@meetup.com	Female	144.100.13.143
876	Anni	Jiri	ajiriob@cargocollective.com	Female	145.224.19.177
877	Greg	Cranmore	gcranmoreoc@ucoz.ru	Male	99.255.240.21
878	Davidde	Mattedi	dmattediod@ed.gov	Male	100.239.123.241
879	Arlyn	Osgordby	aosgordbyoe@yahoo.co.jp	Female	207.156.29.197
880	Markos	Cossar	mcossarof@upenn.edu	Male	4.128.160.69
881	Monti	Praundlin	mpraundlinog@marriott.com	Male	48.155.62.240
882	Dewitt	Teanby	dteanbyoh@github.com	Male	5.22.237.243
883	Madelaine	Fryman	mfrymanoi@tumblr.com	Female	231.50.105.192
884	Eileen	Alyonov	ealyonovoj@blog.com	Female	125.136.80.131
885	Rosemonde	Ashforth	rashforthok@diigo.com	Female	252.213.43.141
886	Penrod	Ruff	pruffol@addtoany.com	Male	19.88.181.178
887	Addison	Leppingwell	aleppingwellom@bing.com	Male	244.128.4.196
888	Sapphire	Nice	sniceon@wordpress.com	Female	99.187.146.96
889	Iseabal	Durand	idurandoo@ucoz.com	Female	129.124.43.201
890	Korry	Kinman	kkinmanop@businesswire.com	Female	203.56.101.127
891	Zulema	Mercey	zmerceyoq@storify.com	Female	46.190.77.63
892	Ellissa	Bockings	ebockingsor@cbslocal.com	Female	100.9.204.193
893	Orland	Petty	opettyos@sina.com.cn	Male	75.176.251.237
894	Reena	Bensusan	rbensusanot@foxnews.com	Female	123.21.125.86
895	Cecil	Deevey	cdeeveyou@state.tx.us	Female	254.74.179.133
896	Brynna	Mohamed	bmohamedov@blogger.com	Female	170.36.18.25
897	Wilmar	Streetley	wstreetleyow@vimeo.com	Male	248.2.48.77
898	Mic	Donovan	mdonovanox@sohu.com	Male	84.102.162.16
899	Lianna	Gamlyn	lgamlynoy@ask.com	Female	21.88.209.40
900	Birk	Godsmark	bgodsmarkoz@zdnet.com	Male	1.149.130.125
901	Richmond	Le febre	rlefebrep0@ycombinator.com	Male	80.3.188.4
902	Cristabel	Angood	cangoodp1@walmart.com	Female	131.81.218.13
903	Deeann	Lidstone	dlidstonep2@forbes.com	Female	166.153.154.182
904	Dulcia	Cowie	dcowiep3@w3.org	Female	125.234.103.43
905	Gale	Butter	gbutterp4@mlb.com	Female	48.51.127.27
906	Izzy	McEneny	imcenenyp5@uol.com.br	Male	122.206.87.48
907	Kristoffer	Tourne	ktournep6@un.org	Male	29.47.32.252
908	Brigham	Whiston	bwhistonp7@instagram.com	Male	86.136.155.170
909	Nicholas	Rennix	nrennixp8@ustream.tv	Male	123.8.9.119
910	Niven	Menloe	nmenloep9@state.gov	Male	148.144.92.96
911	Antonetta	McGillivrie	amcgillivriepa@gizmodo.com	Female	233.148.176.184
912	Kary	Effemy	keffemypb@wisc.edu	Female	90.202.147.238
913	Margaret	Rosenbloom	mrosenbloompc@ebay.com	Female	57.60.14.255
914	Sollie	Grimsdith	sgrimsdithpd@washingtonpost.com	Male	173.101.33.55
915	Shea	Waggatt	swaggattpe@shutterfly.com	Female	253.38.99.204
916	Flor	Ollis	follispf@ifeng.com	Female	49.34.9.199
917	Archibold	Tremontana	atremontanapg@netscape.com	Male	198.111.122.22
918	Angelita	Winborn	awinbornph@adobe.com	Female	37.161.94.75
919	Somerset	Stitle	sstitlepi@ask.com	Male	9.243.88.63
920	Waverley	Wickman	wwickmanpj@engadget.com	Male	111.182.192.151
921	Shepperd	Rusk	sruskpk@dion.ne.jp	Male	205.213.114.153
922	Bunnie	Wiggins	bwigginspl@umich.edu	Female	48.164.150.35
923	Cassey	Renison	crenisonpm@toplist.cz	Female	153.253.173.149
924	Sorcha	Cainey	scaineypn@sfgate.com	Female	138.0.77.112
925	Woodie	Petschel	wpetschelpo@scribd.com	Male	139.21.130.93
926	Allegra	Frodsham	afrodshampp@ted.com	Female	217.188.222.25
927	Perkin	O'Spellissey	pospellisseypq@mtv.com	Male	251.77.130.86
928	Andriette	Brimner	abrimnerpr@comcast.net	Female	226.154.90.127
929	Rozelle	Thwaite	rthwaiteps@moonfruit.com	Female	244.250.243.166
930	Corabel	Chase	cchasept@51.la	Female	1.15.247.20
931	Molly	Colthard	mcolthardpu@usatoday.com	Female	231.201.143.131
932	Red	Klink	rklinkpv@yandex.ru	Male	135.115.13.199
933	Shanon	Harower	sharowerpw@un.org	Female	254.16.7.161
934	Burtie	Fernie	bferniepx@issuu.com	Male	234.79.73.95
935	Maryjo	Tomankiewicz	mtomankiewiczpy@unicef.org	Female	210.49.51.29
936	Maddalena	Royan	mroyanpz@forbes.com	Female	141.46.224.145
937	Elias	Angear	eangearq0@sohu.com	Male	17.109.254.149
938	Randi	Screwton	rscrewtonq1@ameblo.jp	Male	43.91.151.134
939	Pail	Winkle	pwinkleq2@so-net.ne.jp	Male	104.87.76.60
940	Rafaelita	Lis	rlisq3@ovh.net	Female	4.107.188.203
941	Josi	Eayrs	jeayrsq4@comcast.net	Female	170.151.23.240
942	Floris	Aldrick	faldrickq5@cdc.gov	Female	93.143.95.131
943	Son	Sowley	ssowleyq6@nps.gov	Male	165.87.234.172
944	Natty	Lea	nleaq7@census.gov	Female	86.58.149.237
945	Bernadina	Tanswill	btanswillq8@pcworld.com	Female	96.61.68.55
946	Mac	Chessum	mchessumq9@admin.ch	Male	223.69.13.108
947	Freemon	Prium	fpriumqa@ebay.com	Male	131.201.27.191
948	Wash	Gallant	wgallantqb@icq.com	Male	179.176.106.165
949	Donal	Pickavance	dpickavanceqc@wp.com	Male	139.5.28.19
950	Hasheem	McCreagh	hmccreaghqd@wiley.com	Male	43.101.202.14
951	Annette	Biever	abieverqe@wikipedia.org	Female	111.84.96.91
952	Kaila	Francom	kfrancomqf@yelp.com	Female	111.64.144.109
953	Margit	Simons	msimonsqg@stanford.edu	Female	20.10.217.251
954	Fritz	Prosek	fprosekqh@sphinn.com	Male	224.117.173.116
955	Urson	Wasling	uwaslingqi@g.co	Male	166.33.87.235
956	Jethro	Wayon	jwayonqj@ameblo.jp	Male	11.70.57.162
957	Philbert	Mecco	pmeccoqk@so-net.ne.jp	Male	220.12.233.210
958	Timofei	Disbrow	tdisbrowql@wikia.com	Male	112.40.205.193
959	Janaya	Dank	jdankqm@spiegel.de	Female	150.144.129.153
960	Araldo	Giercke	agierckeqn@networkadvertising.org	Male	242.78.182.106
961	Karim	Wetherell	kwetherellqo@1688.com	Male	232.90.27.142
962	Virgilio	Haimes	vhaimesqp@mayoclinic.com	Male	28.197.246.131
963	Jamie	Beatens	jbeatensqq@tripadvisor.com	Male	130.234.3.74
964	Mitch	Claire	mclaireqr@goo.ne.jp	Male	216.129.104.1
965	Falito	Gehrts	fgehrtsqs@independent.co.uk	Male	168.144.234.154
966	Killy	Dorracott	kdorracottqt@theguardian.com	Male	52.59.9.190
967	Timofei	Blew	tblewqu@cpanel.net	Male	167.23.2.236
968	Torie	Standfield	tstandfieldqv@instagram.com	Female	211.149.147.144
969	Crosby	Mochan	cmochanqw@oracle.com	Male	220.24.44.106
970	Philly	Farans	pfaransqx@marriott.com	Female	122.103.205.248
971	Shaine	Cartmael	scartmaelqy@comsenz.com	Male	54.182.216.47
972	Christoph	Hurne	churneqz@blogs.com	Male	100.105.198.21
973	Kelcey	Sutworth	ksutworthr0@paginegialle.it	Female	55.210.229.204
974	Gian	Gladdifh	ggladdifhr1@washingtonpost.com	Male	217.216.220.119
975	Elisabet	Gostyke	egostyker2@twitter.com	Female	138.67.161.129
976	Ericka	Ledingham	eledinghamr3@wsj.com	Female	242.187.145.195
977	Denver	Yeiles	dyeilesr4@bravesites.com	Male	225.131.227.140
978	Angelica	Bruun	abruunr5@tamu.edu	Female	142.67.19.73
979	Ly	Eberle	leberler6@cnn.com	Male	120.52.118.121
980	Abdul	Giuron	agiuronr7@webnode.com	Male	98.50.231.248
981	Adorne	Lenham	alenhamr8@nydailynews.com	Female	24.96.21.3
982	Ichabod	Arpino	iarpinor9@shinystat.com	Male	236.115.147.83
983	Broderic	Schankelborg	bschankelborgra@alexa.com	Male	109.165.197.161
984	Vinson	Braven	vbravenrb@slate.com	Male	59.31.112.254
985	Cary	Getcliff	cgetcliffrc@yellowpages.com	Male	44.223.173.12
986	Fidole	Simmonds	fsimmondsrd@netscape.com	Male	43.192.241.131
987	Blake	Choupin	bchoupinre@google.pl	Female	80.55.219.241
988	Gianina	Widdall	gwiddallrf@tmall.com	Female	82.76.18.212
989	Ramona	Cheyney	rcheyneyrg@printfriendly.com	Female	253.29.40.92
990	Wilhelmine	Syfax	wsyfaxrh@prweb.com	Female	146.183.130.53
991	Jacinta	Serchwell	jserchwellri@dion.ne.jp	Female	39.250.26.146
992	Glenn	Loosemore	gloosemorerj@about.me	Female	188.165.246.230
993	Carmine	Olivazzi	colivazzirk@cdc.gov	Male	20.210.45.72
994	Coreen	Traher	ctraherrl@desdev.cn	Female	242.14.161.8
995	Shep	Shadfourth	sshadfourthrm@is.gd	Male	38.96.242.9
996	Purcell	Belitz	pbelitzrn@fema.gov	Male	251.54.25.214
997	Melisande	Scates	mscatesro@networkadvertising.org	Female	106.110.199.79
998	Iggie	Mogey	imogeyrp@umich.edu	Male	80.43.200.216
999	Donna	Kimbrough	dkimbroughrq@1und1.de	Female	186.93.114.94
1000	Marita	Yea	myearr@4shared.com	Female	10.233.199.129
